id,label
194,0.49308744072914124
181,0.4927211105823517
43,0.49307307600975037
86,0.49246522784233093
9,0.49248647689819336
164,0.49217885732650757
223,0.4932161867618561
193,0.4928187429904938
23,0.4928962290287018
115,0.49287697672843933
