id,label
109,0.3620234727859497
145,0.3596789836883545
15,0.3458224833011627
162,0.3335254192352295
167,0.364935040473938
200,0.3044699728488922
210,0.3953559696674347
211,0.33215999603271484
213,0.30368220806121826
224,0.32325994968414307
